[
    {
      "difficulty": "medium_1",
      "initialKnivesAngles": [0, 120, 240],
      "knivesCount": 10,
      "rotation": [
        [0.5, 230], 
        [2], 
        [1, 0],
        [2, -260], 
        [1, 0]
      ]
    },

    {
      "difficulty": "medium_2",
      "initialKnivesAngles": [0, 180],
      "knivesCount": 10,
      "rotation": [
        [1.5, 400], 
        [1], 
        [1, 0],
        [2, 260], 
        [1]
      ]
    },

    {
      "difficulty": "medium_3",
      "initialKnivesAngles": [0, 20, 40],
      "knivesCount": 9,
      "rotation": [
        [2, -700], 
        [1, -190], 
        [1],
        [1, 0]
      ]
    },

    {
      "difficulty": "medium_4",
      "initialKnivesAngles": [0, 20, 40, 180, 200, 220],
      "knivesCount": 8,
      "rotation": [
        [2.2, 700], 
        [1, -180], 
        [1],
        [2, 370]
      ]
    },

    {
      "difficulty": "medium_5",
      "initialKnivesAngles": [0, 50, 180, 230],
      "knivesCount": 9,
      "rotation": [
        [2, 490], 
        [1, 190], 
        [1]
      ]
    },

    {
      "difficulty": "medium_6",
      "initialKnivesAngles": [0, 45, 90, 180, 225, 270],
      "knivesCount": 8,
      "rotation": [
        [1.4, -280], 
        [2, -140], 
        [1.3]
      ]
    },

    {
      "difficulty": "medium_7",
      "initialKnivesAngles": [0, 45, 90, 180, 225, 270],
      "knivesCount": 8,
      "rotation": [
        [1.4, 190], 
        [0.4], 
        [1.3, -280], 
        [0.9]
      ]
    },

    {
      "difficulty": "medium_8",
      "initialKnivesAngles": [0, 30, 60, 180, 210, 240],
      "knivesCount": 7,
      "rotation": [
        [1.3, 310], 
        [0.4, 0],
        [0.1],
        [1, -300], 
        [0.4],
        [1, 0], 
        [0.1]
      ]
    },

    {
      "difficulty": "medium_9",
      "initialKnivesAngles": [0, 90, 180, 270],
      "knivesCount": 8,
      "rotation": [
        [1, 190],
        [3, 1500],	
        [3, 0],
        [1]
      ]
    },

    {
      "difficulty": "medium_10",
      "initialKnivesAngles": [0, 10, 180, 190],
      "knivesCount": 10,
      "rotation": [
        [0.3, 330],
        [0.3, 0],
        [0.3, 400],	
        [0.3, 0],
        [3, 440]
      ]
    }
]