<font>
  <info face="Alphabet" size="24" bold="0" italic="0" charset="" unicode="" stretchH="100" smooth="1" aa="1" padding="2,2,2,2" spacing="0,0" outline="0"/>
  <common lineHeight="32" base="26" scaleW="137" scaleH="503" pages="1" packed="0"/>
  <pages>
    <page id="0" file="Alphabet.png"/>
  </pages>
  <chars count="90">
    <char id="97" x="2" y="2" width="17" height="22" xoffset="-2" yoffset="4" xadvance="17" page="0" chnl="15"/>
    <char id="98" x="2" y="26" width="18" height="22" xoffset="-1" yoffset="4" xadvance="17" page="0" chnl="15"/>
    <char id="99" x="21" y="2" width="17" height="22" xoffset="-2" yoffset="4" xadvance="15" page="0" chnl="15"/>
    <char id="100" x="2" y="50" width="18" height="22" xoffset="-1" yoffset="4" xadvance="18" page="0" chnl="15"/>
    <char id="101" x="2" y="74" width="16" height="22" xoffset="-1" yoffset="4" xadvance="14" page="0" chnl="15"/>
    <char id="102" x="2" y="98" width="16" height="22" xoffset="-1" yoffset="4" xadvance="14" page="0" chnl="15"/>
    <char id="103" x="2" y="122" width="17" height="22" xoffset="-2" yoffset="4" xadvance="16" page="0" chnl="15"/>
    <char id="104" x="20" y="74" width="18" height="22" xoffset="-1" yoffset="4" xadvance="16" page="0" chnl="15"/>
    <char id="105" x="20" y="98" width="9" height="21" xoffset="-2" yoffset="4" xadvance="7" page="0" chnl="15"/>
    <char id="106" x="22" y="26" width="17" height="22" xoffset="-1" yoffset="4" xadvance="15" page="0" chnl="15"/>
    <char id="107" x="40" y="2" width="19" height="22" xoffset="-2" yoffset="4" xadvance="16" page="0" chnl="15"/>
    <char id="108" x="22" y="50" width="12" height="22" xoffset="-2" yoffset="4" xadvance="13" page="0" chnl="15"/>
    <char id="109" x="36" y="50" width="25" height="22" xoffset="-2" yoffset="4" xadvance="22" page="0" chnl="15"/>
    <char id="110" x="41" y="26" width="19" height="21" xoffset="-2" yoffset="4" xadvance="17" page="0" chnl="15"/>
    <char id="111" x="61" y="2" width="16" height="22" xoffset="-1" yoffset="4" xadvance="17" page="0" chnl="15"/>
    <char id="112" x="62" y="26" width="18" height="22" xoffset="-1" yoffset="4" xadvance="17" page="0" chnl="15"/>
    <char id="113" x="79" y="2" width="16" height="22" xoffset="-1" yoffset="4" xadvance="17" page="0" chnl="15"/>
    <char id="114" x="2" y="146" width="18" height="22" xoffset="-1" yoffset="4" xadvance="17" page="0" chnl="15"/>
    <char id="115" x="21" y="121" width="17" height="23" xoffset="-2" yoffset="3" xadvance="14" page="0" chnl="15"/>
    <char id="116" x="2" y="170" width="18" height="22" xoffset="-1" yoffset="4" xadvance="16" page="0" chnl="15"/>
    <char id="117" x="31" y="98" width="18" height="21" xoffset="-1" yoffset="4" xadvance="16" page="0" chnl="15"/>
    <char id="118" x="40" y="74" width="18" height="22" xoffset="-1" yoffset="4" xadvance="17" page="0" chnl="15"/>
    <char id="119" x="2" y="194" width="25" height="22" xoffset="-1" yoffset="4" xadvance="23" page="0" chnl="15"/>
    <char id="120" x="22" y="146" width="19" height="22" xoffset="-2" yoffset="4" xadvance="17" page="0" chnl="15"/>
    <char id="121" x="22" y="170" width="17" height="22" xoffset="-1" yoffset="4" xadvance="16" page="0" chnl="15"/>
    <char id="122" x="40" y="121" width="16" height="22" xoffset="-2" yoffset="4" xadvance="13" page="0" chnl="15"/>
    <char id="65" x="2" y="218" width="17" height="22" xoffset="-2" yoffset="4" xadvance="17" page="0" chnl="15"/>
    <char id="66" x="2" y="242" width="18" height="22" xoffset="-1" yoffset="4" xadvance="17" page="0" chnl="15"/>
    <char id="67" x="21" y="218" width="17" height="22" xoffset="-2" yoffset="4" xadvance="15" page="0" chnl="15"/>
    <char id="68" x="29" y="194" width="18" height="22" xoffset="-1" yoffset="4" xadvance="18" page="0" chnl="15"/>
    <char id="69" x="41" y="170" width="16" height="22" xoffset="-1" yoffset="4" xadvance="14" page="0" chnl="15"/>
    <char id="70" x="43" y="145" width="16" height="22" xoffset="-1" yoffset="4" xadvance="14" page="0" chnl="15"/>
    <char id="71" x="58" y="98" width="17" height="22" xoffset="-2" yoffset="4" xadvance="16" page="0" chnl="15"/>
    <char id="72" x="60" y="74" width="18" height="22" xoffset="-1" yoffset="4" xadvance="16" page="0" chnl="15"/>
    <char id="73" x="58" y="122" width="9" height="21" xoffset="-2" yoffset="4" xadvance="7" page="0" chnl="15"/>
    <char id="74" x="63" y="50" width="17" height="22" xoffset="-1" yoffset="4" xadvance="15" page="0" chnl="15"/>
    <char id="75" x="2" y="266" width="19" height="22" xoffset="-2" yoffset="4" xadvance="16" page="0" chnl="15"/>
    <char id="76" x="22" y="242" width="12" height="22" xoffset="-2" yoffset="4" xadvance="13" page="0" chnl="15"/>
    <char id="77" x="2" y="290" width="25" height="22" xoffset="-2" yoffset="4" xadvance="22" page="0" chnl="15"/>
    <char id="78" x="23" y="266" width="19" height="21" xoffset="-2" yoffset="4" xadvance="17" page="0" chnl="15"/>
    <char id="79" x="36" y="242" width="16" height="22" xoffset="-1" yoffset="4" xadvance="17" page="0" chnl="15"/>
    <char id="80" x="40" y="218" width="18" height="22" xoffset="-1" yoffset="4" xadvance="17" page="0" chnl="15"/>
    <char id="81" x="49" y="194" width="16" height="22" xoffset="-1" yoffset="4" xadvance="17" page="0" chnl="15"/>
    <char id="82" x="59" y="169" width="18" height="22" xoffset="-1" yoffset="4" xadvance="17" page="0" chnl="15"/>
    <char id="83" x="61" y="145" width="17" height="22" xoffset="-2" yoffset="4" xadvance="14" page="0" chnl="15"/>
    <char id="84" x="77" y="98" width="18" height="22" xoffset="-1" yoffset="4" xadvance="16" page="0" chnl="15"/>
    <char id="85" x="69" y="122" width="18" height="21" xoffset="-1" yoffset="4" xadvance="16" page="0" chnl="15"/>
    <char id="86" x="80" y="74" width="18" height="22" xoffset="-1" yoffset="4" xadvance="17" page="0" chnl="15"/>
    <char id="87" x="82" y="26" width="25" height="22" xoffset="-1" yoffset="4" xadvance="23" page="0" chnl="15"/>
    <char id="88" x="97" y="2" width="19" height="22" xoffset="-2" yoffset="4" xadvance="17" page="0" chnl="15"/>
    <char id="89" x="82" y="50" width="17" height="22" xoffset="-1" yoffset="4" xadvance="16" page="0" chnl="15"/>
    <char id="90" x="2" y="314" width="16" height="22" xoffset="-2" yoffset="4" xadvance="13" page="0" chnl="15"/>
    <char id="33" x="2" y="338" width="10" height="24" xoffset="-1" yoffset="3" xadvance="10" page="0" chnl="15"/>
    <char id="8470" x="51" y="98" width="0" height="0" xoffset="0" yoffset="25" xadvance="12" page="0" chnl="15"/>
    <char id="59" x="2" y="364" width="6" height="19" xoffset="-2" yoffset="10" xadvance="9" page="0" chnl="15"/>
    <char id="37" x="2" y="385" width="19" height="21" xoffset="-1" yoffset="4" xadvance="21" page="0" chnl="15"/>
    <char id="58" x="10" y="364" width="8" height="13" xoffset="-1" yoffset="13" xadvance="9" page="0" chnl="15"/>
    <char id="63" x="14" y="338" width="16" height="23" xoffset="0" yoffset="4" xadvance="16" page="0" chnl="15"/>
    <char id="42" x="20" y="363" width="16" height="15" xoffset="-1" yoffset="4" xadvance="17" page="0" chnl="15"/>
    <char id="40" x="29" y="289" width="9" height="24" xoffset="0" yoffset="1" xadvance="9" page="0" chnl="15"/>
    <char id="41" x="32" y="315" width="10" height="23" xoffset="-2" yoffset="3" xadvance="10" page="0" chnl="15"/>
    <char id="95" x="10" y="380" width="18" height="3" xoffset="-1" yoffset="27" xadvance="15" page="0" chnl="15"/>
    <char id="43" x="32" y="340" width="17" height="14" xoffset="-2" yoffset="9" xadvance="18" page="0" chnl="15"/>
    <char id="45" x="40" y="289" width="13" height="6" xoffset="-4" yoffset="11" xadvance="14" page="0" chnl="15"/>
    <char id="61" x="40" y="297" width="15" height="10" xoffset="-1" yoffset="11" xadvance="16" page="0" chnl="15"/>
    <char id="46" x="32" y="356" width="6" height="5" xoffset="-1" yoffset="21" xadvance="8" page="0" chnl="15"/>
    <char id="44" x="20" y="314" width="7" height="7" xoffset="-3" yoffset="22" xadvance="8" page="0" chnl="15"/>
    <char id="47" x="44" y="309" width="15" height="23" xoffset="-2" yoffset="3" xadvance="13" page="0" chnl="15"/>
    <char id="124" x="54" y="242" width="9" height="25" xoffset="1" yoffset="2" xadvance="13" page="0" chnl="15"/>
    <char id="34" x="44" y="269" width="13" height="11" xoffset="0" yoffset="0" xadvance="13" page="0" chnl="15"/>
    <char id="39" x="20" y="323" width="8" height="10" xoffset="0" yoffset="1" xadvance="8" page="0" chnl="15"/>
    <char id="64" x="60" y="218" width="21" height="21" xoffset="-1" yoffset="5" xadvance="21" page="0" chnl="15"/>
    <char id="35" x="67" y="193" width="18" height="18" xoffset="-1" yoffset="5" xadvance="17" page="0" chnl="15"/>
    <char id="36" x="57" y="282" width="13" height="24" xoffset="-1" yoffset="2" xadvance="13" page="0" chnl="15"/>
    <char id="94" x="79" y="169" width="13" height="13" xoffset="0" yoffset="3" xadvance="16" page="0" chnl="15"/>
    <char id="38" x="80" y="145" width="18" height="22" xoffset="-2" yoffset="4" xadvance="19" page="0" chnl="15"/>
    <char id="123" x="65" y="241" width="14" height="22" xoffset="-1" yoffset="4" xadvance="12" page="0" chnl="15"/>
    <char id="125" x="97" y="98" width="13" height="22" xoffset="-2" yoffset="4" xadvance="14" page="0" chnl="15"/>
    <char id="91" x="100" y="74" width="12" height="22" xoffset="-1" yoffset="4" xadvance="11" page="0" chnl="15"/>
    <char id="93" x="101" y="50" width="12" height="22" xoffset="-2" yoffset="4" xadvance="11" page="0" chnl="15"/>
    <char id="48" x="89" y="122" width="16" height="21" xoffset="-1" yoffset="4" xadvance="16" page="0" chnl="15"/>
    <char id="49" x="109" y="26" width="9" height="21" xoffset="0" yoffset="4" xadvance="9" page="0" chnl="15"/>
    <char id="50" x="118" y="2" width="17" height="22" xoffset="-2" yoffset="4" xadvance="15" page="0" chnl="15"/>
    <char id="51" x="2" y="408" width="17" height="22" xoffset="-2" yoffset="4" xadvance="16" page="0" chnl="15"/>
    <char id="52" x="2" y="432" width="17" height="22" xoffset="-2" yoffset="4" xadvance="17" page="0" chnl="15"/>
    <char id="53" x="2" y="456" width="16" height="21" xoffset="-2" yoffset="4" xadvance="14" page="0" chnl="15"/>
    <char id="54" x="2" y="479" width="14" height="22" xoffset="-1" yoffset="4" xadvance="15" page="0" chnl="15"/>
    <char id="55" x="18" y="479" width="16" height="22" xoffset="-1" yoffset="4" xadvance="15" page="0" chnl="15"/>
    <char id="56" x="21" y="408" width="17" height="22" xoffset="-1" yoffset="4" xadvance="16" page="0" chnl="15"/>
    <char id="57" x="30" y="380" width="15" height="22" xoffset="-1" yoffset="4" xadvance="15" page="0" chnl="15"/>
    <char id="32" x="0" y="0" width="0" height="0" xoffset="-1" yoffset="4" xadvance="9" page="0" chnl="15"/>
  </chars>
</font>