<font>
  <info face="font" size="40" bold="0" italic="0" charset="" unicode="" stretchH="100" smooth="1" aa="1" padding="2,2,2,2" spacing="0,0" outline="0"/>
  <common lineHeight="40" base="35" scaleW="512" scaleH="64" pages="1" packed="0"/>
  <pages>
    <page id="0" file="font.png"/>
  </pages>
  <chars count="11">
    <char id="48" x="2" y="2" width="33" height="41" xoffset="-2" yoffset="0" xadvance="27" page="0" chnl="15"/>
    <char id="49" x="37" y="2" width="21" height="41" xoffset="-1" yoffset="1" xadvance="15" page="0" chnl="15"/>
    <char id="50" x="60" y="2" width="34" height="42" xoffset="-4" yoffset="0" xadvance="25" page="0" chnl="15"/>
    <char id="51" x="96" y="2" width="34" height="42" xoffset="-3" yoffset="0" xadvance="26" page="0" chnl="15"/>
    <char id="52" x="132" y="2" width="35" height="42" xoffset="-3" yoffset="0" xadvance="28" page="0" chnl="15"/>
    <char id="53" x="169" y="2" width="33" height="41" xoffset="-3" yoffset="1" xadvance="24" page="0" chnl="15"/>
    <char id="54" x="204" y="2" width="30" height="42" xoffset="-2" yoffset="0" xadvance="24" page="0" chnl="15"/>
    <char id="55" x="236" y="2" width="33" height="42" xoffset="-2" yoffset="0" xadvance="26" page="0" chnl="15"/>
    <char id="56" x="271" y="2" width="33" height="42" xoffset="-2" yoffset="0" xadvance="26" page="0" chnl="15"/>
    <char id="57" x="306" y="2" width="31" height="42" xoffset="-2" yoffset="0" xadvance="24" page="0" chnl="15"/>
    <char id="37" x="339" y="2" width="38" height="40" xoffset="-1" yoffset="1" xadvance="36" page="0" chnl="15"/>
    <char id="120" x="380" y="2" width="24" height="27" xoffset="0" yoffset="12" xadvance="24" page="0" chnl="15"/>
    <char id="32" x="0" y="0" width="0" height="0" xoffset="-1" yoffset="1" xadvance="14" page="0" chnl="15"/>
  </chars>
</font>