{"frames": [
{
	"filename": "DarkBg",
	"frame": {"x":190,"y":316,"w":64,"h":64},
	"rotated": false,
	"trimmed": true,
	"spriteSourceSize": {"x":0,"y":0,"w":64,"h":64},
	"sourceSize": {"w":64,"h":64}
},
{
	"filename": "touch01",
	"frame": {"x":123,"y":316,"w":65,"h":115},
	"rotated": false,
	"trimmed": true,
	"spriteSourceSize": {"x":46,"y":85,"w":65,"h":115},
	"sourceSize": {"w":150,"h":200}
},
{
	"filename": "touch02",
	"frame": {"x":1,"y":349,"w":72,"h":142},
	"rotated": false,
	"trimmed": true,
	"spriteSourceSize": {"x":39,"y":48,"w":72,"h":142},
	"sourceSize": {"w":150,"h":200}
},
{
	"filename": "touch03",
	"frame": {"x":141,"y":163,"w":87,"h":151},
	"rotated": false,
	"trimmed": true,
	"spriteSourceSize": {"x":30,"y":39,"w":87,"h":151},
	"sourceSize": {"w":150,"h":200}
},
{
	"filename": "touch04",
	"frame": {"x":141,"y":1,"w":103,"h":160},
	"rotated": false,
	"trimmed": true,
	"spriteSourceSize": {"x":21,"y":30,"w":103,"h":160},
	"sourceSize": {"w":150,"h":200}
},
{
	"filename": "touch05",
	"frame": {"x":1,"y":179,"w":120,"h":168},
	"rotated": false,
	"trimmed": true,
	"spriteSourceSize": {"x":13,"y":22,"w":120,"h":168},
	"sourceSize": {"w":150,"h":200}
},
{
	"filename": "touch06",
	"frame": {"x":1,"y":1,"w":138,"h":176},
	"rotated": false,
	"trimmed": true,
	"spriteSourceSize": {"x":4,"y":14,"w":138,"h":176},
	"sourceSize": {"w":150,"h":200}
}
],
"meta": {
	"app": "Spritor"
}
}
