{"frames":{"apple2":{"frame":{"x":262,"y":1245,"w":60,"h":60},"rotated":false,"trimmed":false,"spriteSourceSize":{"x":0,"y":0,"w":60,"h":60},"sourceSize":{"w":60,"h":60}},"b1":{"frame":{"x":1105,"y":0,"w":35,"h":139},"rotated":false,"trimmed":false,"spriteSourceSize":{"x":0,"y":0,"w":35,"h":139},"sourceSize":{"w":35,"h":139}},"b10":{"frame":{"x":1105,"y":140,"w":35,"h":139},"rotated":false,"trimmed":false,"spriteSourceSize":{"x":0,"y":0,"w":35,"h":139},"sourceSize":{"w":35,"h":139}},"b10a":{"frame":{"x":1105,"y":280,"w":35,"h":139},"rotated":false,"trimmed":false,"spriteSourceSize":{"x":0,"y":0,"w":35,"h":139},"sourceSize":{"w":35,"h":139}},"b11":{"frame":{"x":1105,"y":420,"w":35,"h":139},"rotated":false,"trimmed":false,"spriteSourceSize":{"x":0,"y":0,"w":35,"h":139},"sourceSize":{"w":35,"h":139}},"b11a":{"frame":{"x":1105,"y":560,"w":35,"h":139},"rotated":false,"trimmed":false,"spriteSourceSize":{"x":0,"y":0,"w":35,"h":139},"sourceSize":{"w":35,"h":139}},"b12":{"frame":{"x":1105,"y":700,"w":35,"h":139},"rotated":false,"trimmed":false,"spriteSourceSize":{"x":0,"y":0,"w":35,"h":139},"sourceSize":{"w":35,"h":139}},"b12a":{"frame":{"x":1105,"y":840,"w":35,"h":139},"rotated":false,"trimmed":false,"spriteSourceSize":{"x":0,"y":0,"w":35,"h":139},"sourceSize":{"w":35,"h":139}},"b13":{"frame":{"x":1141,"y":0,"w":35,"h":139},"rotated":false,"trimmed":false,"spriteSourceSize":{"x":0,"y":0,"w":35,"h":139},"sourceSize":{"w":35,"h":139}},"b13a":{"frame":{"x":1141,"y":140,"w":35,"h":139},"rotated":false,"trimmed":false,"spriteSourceSize":{"x":0,"y":0,"w":35,"h":139},"sourceSize":{"w":35,"h":139}},"b14":{"frame":{"x":1141,"y":280,"w":35,"h":139},"rotated":false,"trimmed":false,"spriteSourceSize":{"x":0,"y":0,"w":35,"h":139},"sourceSize":{"w":35,"h":139}},"b14a":{"frame":{"x":1141,"y":420,"w":35,"h":139},"rotated":false,"trimmed":false,"spriteSourceSize":{"x":0,"y":0,"w":35,"h":139},"sourceSize":{"w":35,"h":139}},"b15":{"frame":{"x":1141,"y":560,"w":35,"h":139},"rotated":false,"trimmed":false,"spriteSourceSize":{"x":0,"y":0,"w":35,"h":139},"sourceSize":{"w":35,"h":139}},"b15a":{"frame":{"x":1141,"y":700,"w":35,"h":139},"rotated":false,"trimmed":false,"spriteSourceSize":{"x":0,"y":0,"w":35,"h":139},"sourceSize":{"w":35,"h":139}},"b16":{"frame":{"x":1141,"y":840,"w":35,"h":139},"rotated":false,"trimmed":false,"spriteSourceSize":{"x":0,"y":0,"w":35,"h":139},"sourceSize":{"w":35,"h":139}},"b16a":{"frame":{"x":1177,"y":0,"w":35,"h":139},"rotated":false,"trimmed":false,"spriteSourceSize":{"x":0,"y":0,"w":35,"h":139},"sourceSize":{"w":35,"h":139}},"b1a":{"frame":{"x":1177,"y":140,"w":35,"h":139},"rotated":false,"trimmed":false,"spriteSourceSize":{"x":0,"y":0,"w":35,"h":139},"sourceSize":{"w":35,"h":139}},"b2":{"frame":{"x":1177,"y":280,"w":35,"h":139},"rotated":false,"trimmed":false,"spriteSourceSize":{"x":0,"y":0,"w":35,"h":139},"sourceSize":{"w":35,"h":139}},"b2a":{"frame":{"x":1177,"y":420,"w":35,"h":139},"rotated":false,"trimmed":false,"spriteSourceSize":{"x":0,"y":0,"w":35,"h":139},"sourceSize":{"w":35,"h":139}},"b3":{"frame":{"x":1177,"y":560,"w":35,"h":139},"rotated":false,"trimmed":false,"spriteSourceSize":{"x":0,"y":0,"w":35,"h":139},"sourceSize":{"w":35,"h":139}},"b3a":{"frame":{"x":1177,"y":700,"w":35,"h":139},"rotated":false,"trimmed":false,"spriteSourceSize":{"x":0,"y":0,"w":35,"h":139},"sourceSize":{"w":35,"h":139}},"b4":{"frame":{"x":1177,"y":840,"w":35,"h":139},"rotated":false,"trimmed":false,"spriteSourceSize":{"x":0,"y":0,"w":35,"h":139},"sourceSize":{"w":35,"h":139}},"b4a":{"frame":{"x":0,"y":1105,"w":35,"h":139},"rotated":false,"trimmed":false,"spriteSourceSize":{"x":0,"y":0,"w":35,"h":139},"sourceSize":{"w":35,"h":139}},"b5":{"frame":{"x":36,"y":1105,"w":35,"h":139},"rotated":false,"trimmed":false,"spriteSourceSize":{"x":0,"y":0,"w":35,"h":139},"sourceSize":{"w":35,"h":139}},"b5a":{"frame":{"x":72,"y":1105,"w":35,"h":139},"rotated":false,"trimmed":false,"spriteSourceSize":{"x":0,"y":0,"w":35,"h":139},"sourceSize":{"w":35,"h":139}},"b6":{"frame":{"x":108,"y":1105,"w":35,"h":139},"rotated":false,"trimmed":false,"spriteSourceSize":{"x":0,"y":0,"w":35,"h":139},"sourceSize":{"w":35,"h":139}},"b6a":{"frame":{"x":144,"y":1105,"w":35,"h":139},"rotated":false,"trimmed":false,"spriteSourceSize":{"x":0,"y":0,"w":35,"h":139},"sourceSize":{"w":35,"h":139}},"b7":{"frame":{"x":180,"y":1105,"w":35,"h":139},"rotated":false,"trimmed":false,"spriteSourceSize":{"x":0,"y":0,"w":35,"h":139},"sourceSize":{"w":35,"h":139}},"b7a":{"frame":{"x":216,"y":1105,"w":35,"h":139},"rotated":false,"trimmed":false,"spriteSourceSize":{"x":0,"y":0,"w":35,"h":139},"sourceSize":{"w":35,"h":139}},"b8":{"frame":{"x":252,"y":1105,"w":35,"h":139},"rotated":false,"trimmed":false,"spriteSourceSize":{"x":0,"y":0,"w":35,"h":139},"sourceSize":{"w":35,"h":139}},"b8a":{"frame":{"x":288,"y":1105,"w":35,"h":139},"rotated":false,"trimmed":false,"spriteSourceSize":{"x":0,"y":0,"w":35,"h":139},"sourceSize":{"w":35,"h":139}},"b9":{"frame":{"x":324,"y":1105,"w":35,"h":139},"rotated":false,"trimmed":false,"spriteSourceSize":{"x":0,"y":0,"w":35,"h":139},"sourceSize":{"w":35,"h":139}},"b9a":{"frame":{"x":360,"y":1105,"w":35,"h":139},"rotated":false,"trimmed":false,"spriteSourceSize":{"x":0,"y":0,"w":35,"h":139},"sourceSize":{"w":35,"h":139}},"boss_icon_0":{"frame":{"x":0,"y":1245,"w":130,"h":130},"rotated":false,"trimmed":false,"spriteSourceSize":{"x":0,"y":0,"w":130,"h":130},"sourceSize":{"w":130,"h":130}},"boss_icon_1":{"frame":{"x":131,"y":1245,"w":130,"h":130},"rotated":false,"trimmed":false,"spriteSourceSize":{"x":0,"y":0,"w":130,"h":130},"sourceSize":{"w":130,"h":130}},"game_icons_0":{"frame":{"x":262,"y":1342,"w":25,"h":25},"rotated":false,"trimmed":false,"spriteSourceSize":{"x":0,"y":0,"w":25,"h":25},"sourceSize":{"w":25,"h":25}},"game_icons_1":{"frame":{"x":288,"y":1342,"w":25,"h":25},"rotated":false,"trimmed":false,"spriteSourceSize":{"x":0,"y":0,"w":25,"h":25},"sourceSize":{"w":25,"h":25}},"game_icons_2":{"frame":{"x":314,"y":1342,"w":25,"h":25},"rotated":false,"trimmed":false,"spriteSourceSize":{"x":0,"y":0,"w":25,"h":25},"sourceSize":{"w":25,"h":25}},"game_icons_3":{"frame":{"x":340,"y":1342,"w":25,"h":25},"rotated":false,"trimmed":false,"spriteSourceSize":{"x":0,"y":0,"w":25,"h":25},"sourceSize":{"w":25,"h":25}},"k1":{"frame":{"x":396,"y":1105,"w":35,"h":139},"rotated":false,"trimmed":false,"spriteSourceSize":{"x":0,"y":0,"w":35,"h":139},"sourceSize":{"w":35,"h":139}},"k10":{"frame":{"x":432,"y":1105,"w":35,"h":139},"rotated":false,"trimmed":false,"spriteSourceSize":{"x":0,"y":0,"w":35,"h":139},"sourceSize":{"w":35,"h":139}},"k10a":{"frame":{"x":468,"y":1105,"w":35,"h":139},"rotated":false,"trimmed":false,"spriteSourceSize":{"x":0,"y":0,"w":35,"h":139},"sourceSize":{"w":35,"h":139}},"k11":{"frame":{"x":504,"y":1105,"w":35,"h":139},"rotated":false,"trimmed":false,"spriteSourceSize":{"x":0,"y":0,"w":35,"h":139},"sourceSize":{"w":35,"h":139}},"k11a":{"frame":{"x":540,"y":1105,"w":35,"h":139},"rotated":false,"trimmed":false,"spriteSourceSize":{"x":0,"y":0,"w":35,"h":139},"sourceSize":{"w":35,"h":139}},"k12":{"frame":{"x":576,"y":1105,"w":35,"h":139},"rotated":false,"trimmed":false,"spriteSourceSize":{"x":0,"y":0,"w":35,"h":139},"sourceSize":{"w":35,"h":139}},"k12a":{"frame":{"x":612,"y":1105,"w":35,"h":139},"rotated":false,"trimmed":false,"spriteSourceSize":{"x":0,"y":0,"w":35,"h":139},"sourceSize":{"w":35,"h":139}},"k13":{"frame":{"x":648,"y":1105,"w":35,"h":139},"rotated":false,"trimmed":false,"spriteSourceSize":{"x":0,"y":0,"w":35,"h":139},"sourceSize":{"w":35,"h":139}},"k13a":{"frame":{"x":684,"y":1105,"w":35,"h":139},"rotated":false,"trimmed":false,"spriteSourceSize":{"x":0,"y":0,"w":35,"h":139},"sourceSize":{"w":35,"h":139}},"k14":{"frame":{"x":720,"y":1105,"w":35,"h":139},"rotated":false,"trimmed":false,"spriteSourceSize":{"x":0,"y":0,"w":35,"h":139},"sourceSize":{"w":35,"h":139}},"k14a":{"frame":{"x":756,"y":1105,"w":35,"h":139},"rotated":false,"trimmed":false,"spriteSourceSize":{"x":0,"y":0,"w":35,"h":139},"sourceSize":{"w":35,"h":139}},"k15":{"frame":{"x":792,"y":1105,"w":35,"h":139},"rotated":false,"trimmed":false,"spriteSourceSize":{"x":0,"y":0,"w":35,"h":139},"sourceSize":{"w":35,"h":139}},"k15a":{"frame":{"x":828,"y":1105,"w":35,"h":139},"rotated":false,"trimmed":false,"spriteSourceSize":{"x":0,"y":0,"w":35,"h":139},"sourceSize":{"w":35,"h":139}},"k16":{"frame":{"x":864,"y":1105,"w":35,"h":139},"rotated":false,"trimmed":false,"spriteSourceSize":{"x":0,"y":0,"w":35,"h":139},"sourceSize":{"w":35,"h":139}},"k16a":{"frame":{"x":900,"y":1105,"w":35,"h":139},"rotated":false,"trimmed":false,"spriteSourceSize":{"x":0,"y":0,"w":35,"h":139},"sourceSize":{"w":35,"h":139}},"k1a":{"frame":{"x":936,"y":1105,"w":35,"h":139},"rotated":false,"trimmed":false,"spriteSourceSize":{"x":0,"y":0,"w":35,"h":139},"sourceSize":{"w":35,"h":139}},"k2":{"frame":{"x":972,"y":1105,"w":35,"h":139},"rotated":false,"trimmed":false,"spriteSourceSize":{"x":0,"y":0,"w":35,"h":139},"sourceSize":{"w":35,"h":139}},"k2a":{"frame":{"x":1008,"y":1105,"w":35,"h":139},"rotated":false,"trimmed":false,"spriteSourceSize":{"x":0,"y":0,"w":35,"h":139},"sourceSize":{"w":35,"h":139}},"k3":{"frame":{"x":1044,"y":1105,"w":35,"h":139},"rotated":false,"trimmed":false,"spriteSourceSize":{"x":0,"y":0,"w":35,"h":139},"sourceSize":{"w":35,"h":139}},"k3a":{"frame":{"x":1080,"y":1105,"w":35,"h":139},"rotated":false,"trimmed":false,"spriteSourceSize":{"x":0,"y":0,"w":35,"h":139},"sourceSize":{"w":35,"h":139}},"k4":{"frame":{"x":1116,"y":1105,"w":35,"h":139},"rotated":false,"trimmed":false,"spriteSourceSize":{"x":0,"y":0,"w":35,"h":139},"sourceSize":{"w":35,"h":139}},"k4a":{"frame":{"x":1152,"y":1105,"w":35,"h":139},"rotated":false,"trimmed":false,"spriteSourceSize":{"x":0,"y":0,"w":35,"h":139},"sourceSize":{"w":35,"h":139}},"k5":{"frame":{"x":1213,"y":0,"w":35,"h":139},"rotated":false,"trimmed":false,"spriteSourceSize":{"x":0,"y":0,"w":35,"h":139},"sourceSize":{"w":35,"h":139}},"k5a":{"frame":{"x":1213,"y":140,"w":35,"h":139},"rotated":false,"trimmed":false,"spriteSourceSize":{"x":0,"y":0,"w":35,"h":139},"sourceSize":{"w":35,"h":139}},"k6":{"frame":{"x":1213,"y":280,"w":35,"h":139},"rotated":false,"trimmed":false,"spriteSourceSize":{"x":0,"y":0,"w":35,"h":139},"sourceSize":{"w":35,"h":139}},"k6a":{"frame":{"x":1213,"y":420,"w":35,"h":139},"rotated":false,"trimmed":false,"spriteSourceSize":{"x":0,"y":0,"w":35,"h":139},"sourceSize":{"w":35,"h":139}},"k7":{"frame":{"x":1213,"y":560,"w":35,"h":139},"rotated":false,"trimmed":false,"spriteSourceSize":{"x":0,"y":0,"w":35,"h":139},"sourceSize":{"w":35,"h":139}},"k7a":{"frame":{"x":1213,"y":700,"w":35,"h":139},"rotated":false,"trimmed":false,"spriteSourceSize":{"x":0,"y":0,"w":35,"h":139},"sourceSize":{"w":35,"h":139}},"k8":{"frame":{"x":1213,"y":840,"w":35,"h":139},"rotated":false,"trimmed":false,"spriteSourceSize":{"x":0,"y":0,"w":35,"h":139},"sourceSize":{"w":35,"h":139}},"k8a":{"frame":{"x":1213,"y":980,"w":35,"h":139},"rotated":false,"trimmed":false,"spriteSourceSize":{"x":0,"y":0,"w":35,"h":139},"sourceSize":{"w":35,"h":139}},"k9":{"frame":{"x":1249,"y":0,"w":35,"h":139},"rotated":false,"trimmed":false,"spriteSourceSize":{"x":0,"y":0,"w":35,"h":139},"sourceSize":{"w":35,"h":139}},"k9a":{"frame":{"x":1249,"y":140,"w":35,"h":139},"rotated":false,"trimmed":false,"spriteSourceSize":{"x":0,"y":0,"w":35,"h":139},"sourceSize":{"w":35,"h":139}},"sword_game":{"frame":{"x":262,"y":1306,"w":35,"h":35},"rotated":false,"trimmed":false,"spriteSourceSize":{"x":0,"y":0,"w":35,"h":35},"sourceSize":{"w":35,"h":35}},"ta1":{"frame":{"x":0,"y":0,"w":220,"h":220},"rotated":false,"trimmed":false,"spriteSourceSize":{"x":0,"y":0,"w":220,"h":220},"sourceSize":{"w":220,"h":220}},"ta10":{"frame":{"x":0,"y":221,"w":220,"h":220},"rotated":false,"trimmed":false,"spriteSourceSize":{"x":0,"y":0,"w":220,"h":220},"sourceSize":{"w":220,"h":220}},"ta11":{"frame":{"x":221,"y":0,"w":220,"h":220},"rotated":false,"trimmed":false,"spriteSourceSize":{"x":0,"y":0,"w":220,"h":220},"sourceSize":{"w":220,"h":220}},"ta12":{"frame":{"x":221,"y":221,"w":220,"h":220},"rotated":false,"trimmed":false,"spriteSourceSize":{"x":0,"y":0,"w":220,"h":220},"sourceSize":{"w":220,"h":220}},"ta13":{"frame":{"x":0,"y":442,"w":220,"h":220},"rotated":false,"trimmed":false,"spriteSourceSize":{"x":0,"y":0,"w":220,"h":220},"sourceSize":{"w":220,"h":220}},"ta14":{"frame":{"x":221,"y":442,"w":220,"h":220},"rotated":false,"trimmed":false,"spriteSourceSize":{"x":0,"y":0,"w":220,"h":220},"sourceSize":{"w":220,"h":220}},"ta15":{"frame":{"x":442,"y":0,"w":220,"h":220},"rotated":false,"trimmed":false,"spriteSourceSize":{"x":0,"y":0,"w":220,"h":220},"sourceSize":{"w":220,"h":220}},"ta16":{"frame":{"x":442,"y":221,"w":220,"h":220},"rotated":false,"trimmed":false,"spriteSourceSize":{"x":0,"y":0,"w":220,"h":220},"sourceSize":{"w":220,"h":220}},"ta2":{"frame":{"x":442,"y":442,"w":220,"h":220},"rotated":false,"trimmed":false,"spriteSourceSize":{"x":0,"y":0,"w":220,"h":220},"sourceSize":{"w":220,"h":220}},"ta3":{"frame":{"x":0,"y":663,"w":220,"h":220},"rotated":false,"trimmed":false,"spriteSourceSize":{"x":0,"y":0,"w":220,"h":220},"sourceSize":{"w":220,"h":220}},"ta4":{"frame":{"x":221,"y":663,"w":220,"h":220},"rotated":false,"trimmed":false,"spriteSourceSize":{"x":0,"y":0,"w":220,"h":220},"sourceSize":{"w":220,"h":220}},"ta5":{"frame":{"x":442,"y":663,"w":220,"h":220},"rotated":false,"trimmed":false,"spriteSourceSize":{"x":0,"y":0,"w":220,"h":220},"sourceSize":{"w":220,"h":220}},"ta6":{"frame":{"x":663,"y":0,"w":220,"h":220},"rotated":false,"trimmed":false,"spriteSourceSize":{"x":0,"y":0,"w":220,"h":220},"sourceSize":{"w":220,"h":220}},"ta7":{"frame":{"x":663,"y":221,"w":220,"h":220},"rotated":false,"trimmed":false,"spriteSourceSize":{"x":0,"y":0,"w":220,"h":220},"sourceSize":{"w":220,"h":220}},"ta8":{"frame":{"x":663,"y":442,"w":220,"h":220},"rotated":false,"trimmed":false,"spriteSourceSize":{"x":0,"y":0,"w":220,"h":220},"sourceSize":{"w":220,"h":220}},"ta9":{"frame":{"x":663,"y":663,"w":220,"h":220},"rotated":false,"trimmed":false,"spriteSourceSize":{"x":0,"y":0,"w":220,"h":220},"sourceSize":{"w":220,"h":220}},"target_white":{"frame":{"x":0,"y":884,"w":220,"h":220},"rotated":false,"trimmed":false,"spriteSourceSize":{"x":0,"y":0,"w":220,"h":220},"sourceSize":{"w":220,"h":220}},"tb1":{"frame":{"x":221,"y":884,"w":220,"h":220},"rotated":false,"trimmed":false,"spriteSourceSize":{"x":0,"y":0,"w":220,"h":220},"sourceSize":{"w":220,"h":220}},"tb2":{"frame":{"x":442,"y":884,"w":220,"h":220},"rotated":false,"trimmed":false,"spriteSourceSize":{"x":0,"y":0,"w":220,"h":220},"sourceSize":{"w":220,"h":220}},"tb3":{"frame":{"x":663,"y":884,"w":220,"h":220},"rotated":false,"trimmed":false,"spriteSourceSize":{"x":0,"y":0,"w":220,"h":220},"sourceSize":{"w":220,"h":220}},"tb4":{"frame":{"x":884,"y":0,"w":220,"h":220},"rotated":false,"trimmed":false,"spriteSourceSize":{"x":0,"y":0,"w":220,"h":220},"sourceSize":{"w":220,"h":220}},"tb5":{"frame":{"x":884,"y":221,"w":220,"h":220},"rotated":false,"trimmed":false,"spriteSourceSize":{"x":0,"y":0,"w":220,"h":220},"sourceSize":{"w":220,"h":220}},"tb6":{"frame":{"x":884,"y":442,"w":220,"h":220},"rotated":false,"trimmed":false,"spriteSourceSize":{"x":0,"y":0,"w":220,"h":220},"sourceSize":{"w":220,"h":220}},"tb7":{"frame":{"x":884,"y":663,"w":220,"h":220},"rotated":false,"trimmed":false,"spriteSourceSize":{"x":0,"y":0,"w":220,"h":220},"sourceSize":{"w":220,"h":220}},"tb8":{"frame":{"x":884,"y":884,"w":220,"h":220},"rotated":false,"trimmed":false,"spriteSourceSize":{"x":0,"y":0,"w":220,"h":220},"sourceSize":{"w":220,"h":220}}},"meta":{"app":"https://www.leshylabs.com/apps/sstool/","version":"Leshy SpriteSheet Tool v0.8.4","image":"spritesheet.png","size":{"w":1284,"h":1375},"scale":1}}